location,ordinate
1 Blue Jays Way Toronto,"[43.6416641, -79.3891988236638]"
255 Bremner Boulevard Toronto,"[43.6409668, -79.3851702]"
292 Brunswick Avenue Toronto,"[43.6653176, -79.4073567]"
296 Brunswick Avenue Toronto,"[43.6655707, -79.4074586]"
20 Camden Street Toronto,"[43.6472861, -79.396972]"
25 Cecil Street Toronto,"[43.656713, -79.395893]"
58 Cecil Street Toronto,"[43.6570842, -79.3945442]"
19 Charlotte Street Toronto,"[33.5731845510204, -117.735511469388]"
83 Christie Street Toronto,"[43.665743475, -79.4190691888889]"
155 College Street Toronto,"[43.6591154, -79.3931845]"
171 College Street Toronto,"[43.6590385, -79.393753]"
214 College Street Toronto,"[43.6588244, -79.3969597]"
229 College Street Toronto,"[43.6582321, -79.397415]"
230 College Street Toronto,"[43.6586796, -79.3981343668594]"
239 College Street Toronto,"[43.6579546, -79.3983879]"
284 College Street Toronto,"[43.6579482, -79.4012323]"
294 College Street  Toronto,"[43.6578271764706, -79.4013836470588]"
320 College Street Toronto,"[43.6576754, -79.4023771]"
430 College Street Toronto,"[43.6567261, -79.4071899]"
431 College Street Toronto,"[43.6562953, -79.4074361]"
321 Davenport Road Toronto,"[43.6746471893931, -79.4009729960939]"
12 Denison Avenue Toronto,"[43.6484745, -79.4011861474091]"
1 Devonshire Place Toronto,"[43.664581, -79.396885]"
15 Devonshire Place Toronto,"[43.6656637, -79.3970837]"
275 Dundas Street West Toronto,"[43.654304, -79.3905307]"
285 Dundas Street West Toronto,"[43.6541831, -79.3908936216921]"
317 Dundas Street West Toronto,"[43.65357425, -79.392764725972]"
334 Dundas Street West Toronto,"[43.6541906451613, -79.392527516129]"
340 Dundas Street West Toronto,"[43.6541478709677, -79.3927260967742]"
580 Dundas Street West Toronto,"[43.65248838125, -79.4005712125]"
707 Dundas Street West Toronto,"[43.6517943, -79.4048971]"
250 Front Street West Toronto,"[43.6443881, -79.3875932]"
255 Front Street West Toronto,"[43.6443169, -79.3858756]"
4 Glen Morris Street Toronto,"[43.664208, -79.401133]"
23 Grange Road Toronto,"[43.65204855, -79.3912378997335]"
73 Harbord Street Toronto,"[43.6627967, -79.4027836]"
79 Harbord Street Toronto,"[43.6619167, -79.4078778]"
84 Harbord Street Toronto,"[43.6630311, -79.4028333]"
112 Harbord Street Toronto,"[43.6628834, -79.403745]"
209 Harbord Street Toronto,"[43.6614711, -79.409284175]"
7 Hart House Circle Toronto,"[43.66393395, -79.3939746287022]"
5 Hoskin Avenue Toronto,"[43.66451245, -79.3951410411632]"
383 Huron Street Toronto,"[43.66595335, -79.4004966836334]"
496 Huron Street Toronto,"[43.6687284285714, -79.4022644285714]"
150 John Street Toronto,"[43.70505025, -79.5121349037037]"
179 John Street Toronto,"[43.6509001, -79.3912505]"
197 John Street Toronto,"[43.6515944, -79.3912585690517]"
205 John Street Toronto,"[43.651265, -79.39154]"
51 Kensington Avenue Toronto,"[43.6538636666667, -79.4002246666667]"
60 Kensington Avenue Toronto,"[43.6543073333333, -79.4006466666667]"
75 Kensington Avenue Toronto,"[43.6545725555556, -79.4004912222222]"
163 King Street West Toronto,"[43.6474734, -79.3851355]"
165 King Street West Toronto,"[43.6474534, -79.3852046]"
212 King Street West Toronto,"[43.6474997, -79.3863286]"
260 King Street West Toronto,"[43.6473883, -79.3875848230716]"
300 King Street West Toronto,"[43.64705945, -79.3892481]"
350 King Street West Toronto,"[43.6467198, -79.3905334]"
468 King Street West Toronto,"[43.6455537, -79.39593]"
577 King Street West Toronto,"[43.6449126, -79.3977442]"
31 King's College Circle Toronto,"[43.66076995, -79.3954332242372]"
1 King's College Circle Toronto,"[43.6610156, -79.3938883]"
15 King's College Circle Toronto,"[43.66287995, -79.395181775127]"
188 Lowther Avenue Toronto,"[43.6684502, -79.4066196]"
823 Manning Avenue Toronto,"[43.6687289, -79.4176837]"
29 McCaul Street Toronto,"[43.65112775, -79.3899885]"
52 McCaul Street Toronto,"[43.6518633, -79.390694]"
60 McCaul Street Toronto,"[43.6520293, -79.3906247]"
131 McCaul Street Toronto,"[43.6548424, -79.3910681974211]"
51 Mercer Street Toronto,"[43.6454144, -79.3913504]"
560 Palmerston Avenue Toronto,"[43.6651585, -79.4139561]"
843 Palmerston Avenue Toronto,"[43.6710442, -79.4160027]"
70 Peter Street Toronto,"[43.646112, -79.392475]"
111 Peter Street Toronto,"[43.647792, -79.392901]"
107 Portland Street Toronto,"[43.6449583, -79.4001307]"
23 Prince Arthur Avenue Toronto,"[43.6693592, -79.3962656115581]"
160 Queen Street West Toronto,"[43.6510466, -79.3873221]"
194 Queen Street West Toronto,"[43.6505363, -79.3884696]"
370 Queen Street West Toronto,"[43.6490632, -79.3958745]"
408 Queen Street West Toronto,"[43.648584, -79.397588]"
474 Queen Street West Toronto,"[43.648037, -79.400255]"
489 Queen Street West Toronto,"[43.648266, -79.398182]"
510 Queen Street West Toronto,"[43.6478179, -79.4015188]"
512 Queen Street West Toronto,"[43.647811, -79.401579]"
557 Queen Street West Toronto,"[43.6478355, -79.400341]"
570 Queen Street West Toronto,"[43.6474198, -79.4035206]"
627 Queen Street West Toronto,"[43.6472499517241, -79.4030600344828]"
639 Queen Street West Toronto,"[43.647289, -79.4029625]"
100 Queen's Park Toronto,"[43.66766165, -79.3946979735188]"
80 Queen's Park Crescent Toronto,"[43.6666618, -79.3945941413798]"
207 Queens Quay West Toronto,"[43.6384591, -79.3801324]"
231 Queens Quay West Toronto,"[43.6384267, -79.3820130808094]"
235 Queens Quay West Toronto,"[43.6380324, -79.3831556]"
470 Queens Quay West Toronto,"[43.6376168, -79.3934718]"
479 Queens Quay West Toronto,"[43.637262, -79.39343]"
627 Queens Quay West Toronto,"[43.6360389, -79.3973998]"
680 Queen's Quay West Toronto,"[43.635218, -79.3996165]"
401 Richmond Street West Toronto,"[43.6477368, -79.3951517]"
205 Richmond Street West Toronto,"[43.64933085, -79.388769782364]"
224 Richmond Street West Toronto,"[43.6498036923077, -79.3879836153846]"
230 Richmond Street West Toronto,"[43.6497536, -79.388349]"
259 Richmond Street West Toronto,"[43.6485875, -79.3913729]"
372 Richmond Street West Toronto,"[43.64840105, -79.39457985]"
388 Richmond Street West Toronto,"[43.6481165, -79.3951423]"
452 Richmond Street West Toronto,"[43.647843, -79.3972978]"
477 Richmond Street West Toronto,"[43.647468, -79.3982285]"
588 Richmond Street West Toronto,"[43.646928, -79.4018]"
16 Ryerson Avenue Toronto,"[43.64851, -79.402518]"
60 Simcoe Street Toronto,"[43.6465582, -79.3863380726127]"
73 Simcoe Street Toronto,"[43.6471644, -79.3855636422072]"
80 Spadina Avenue Toronto,"[43.64622615, -79.3957561040609]"
101 Spadina Avenue Toronto,"[43.6463744, -79.3951517]"
110 Spadina Avenue Toronto,"[43.646804, -79.395906]"
129 Spadina Avenue Toronto,"[43.6472812307692, -79.3955273846154]"
170 Spadina Avenue Toronto,"[43.6491491428571, -79.396821]"
186 Spadina Avenue Toronto,"[43.6497494, -79.3970754]"
215 Spadina Avenue Toronto,"[43.6506474, -79.396862]"
379 Spadina Avenue Toronto,"[43.6560303, -79.3989471]"
464 Spadina Avenue Toronto,"[43.657532, -79.400168]"
486 Spadina Avenue Toronto,"[43.658219, -79.400436]"
620 Spadina Avenue Toronto,"[43.662233, -79.402082]"
750 Spadina Avenue Toronto,"[43.66620385, -79.40418895855]"
10 Spadina Road Toronto,"[43.6676519, -79.4046408608094]"
16 Spadina Road Toronto,"[43.6681584, -79.4050475]"
24 Spadina Road Toronto,"[43.668812, -79.404834]"
79 St. George Street Toronto,"[43.6633334, -79.3976997]"
89 St. George Street Toronto,"[43.6644378, -79.3981813092105]"
91 St. George Street Toronto,"[43.6645565, -79.39822655]"
140 St. George Street Toronto,"[43.6650297, -79.3993425204167]"
162 St. George Street Toronto,"[43.66707525, -79.4000053554933]"
170 St. George Street Toronto,"[43.667614, -79.399992]"
222 St. Patrick Street Toronto,"[43.6559751, -79.3909372]"
2 Sussex Avenue Toronto,"[43.6656401, -79.3995339297023]"
8 Waterloo Terrace Toronto,"[43.644753, -79.401095]"
270 Wellington Street West Toronto,"[43.6449069, -79.3916381]"
439 Wellington Street West Toronto,"[43.6450081, -79.390471]"
550 Wellington Street West Toronto,"[43.642841, -79.4017969]"
20 Willcocks Street Toronto,"[43.6617897, -79.4001637]"
45 Willcocks Street Toronto,"[43.6609752, -79.400868628058]"
501 Arlington Avenue Toronto,"[43.6923422, -79.4329504273403]"
145 Ava Road Toronto,"[43.69579685, -79.4304193904843]"
1339 Bathurst Street Toronto,"[43.6472773, -79.4040095]"
1362 Bathurst Street Toronto,"[43.6798976333333, -79.4171937333333]"
1431 Bathurst Street Toronto,"[43.6822365, -79.4175945714738]"
1515 Bathurst Street Toronto,"[43.6850062, -79.4168662959675]"
1700 Bathurst Street Toronto,"[43.695537, -79.4242369161836]"
1950 Bathurst Street Toronto,"[43.69833915, -79.4255048458267]"
9 Benson Avenue Toronto,"[43.6804083846154, -79.4231123846154]"
30 Bridgman Avenue Toronto,"[43.6749498, -79.4129416]"
15 Cherrywood Avenue Toronto,"[43.686851, -79.4281108888664]"
601 Christie Street Toronto,"[43.6636363, -79.418445]"
911 Davenport Road Toronto,"[43.6753454, -79.423383775]"
175 Wynford Drive Toronto,"[43.724961, -79.3274577569399]"
666 Eglinton Avenue West Toronto,"[43.702458, -79.420207]"
700 Eglinton Avenue West Toronto,"[43.702236, -79.420661]"
707 Eglinton Avenue West Toronto,"[43.70166685, -79.4211830988228]"
897 Eglinton Avenue West Toronto,"[43.7004640333333, -79.4274071555556]"
1016 Eglinton Avenue West Toronto,"[43.7002663, -79.4299018811722]"
84 Hillcrest Drive Toronto,"[43.6762524140366, -79.4290449086108]"
160 Kendal Avenue Toronto,"[43.6766548, -79.4104745]"
285 Rushton Road Toronto,"[43.6815856, -79.4276791]"
1246 Shaw Street Toronto,"[43.6745745, -79.4284468]"
410 Spadina Avenue Toronto,"[43.6561356, -79.3995961]"
446 Spadina Avenue Toronto,"[43.657037, -79.39997]"
611 St. Clair Avenue West Toronto,"[43.6820796, -79.4230921]"
681 St. Clair Avenue West Toronto,"[43.6816479875, -79.4253168875]"
729 St. Clair Avenue West Toronto,"[43.6812054, -79.4274674]"
730 St. Clair Avenue West Toronto,"[43.6814863, -79.4273704]"
778 St. Clair Avenue West Toronto,"[43.68110358, -79.42922462]"
805 St. Clair Avenue West Toronto,"[43.6805563285714, -79.4305085714286]"
814 St. Clair Avenue West Toronto,"[43.68085505, -79.4304094]"
50 Vaughan Road Toronto,"[43.6822027, -79.4193265]"
328 Walmer Road Toronto,"[43.6786195, -79.4104297]"
330 Walmer Road Toronto,"[43.6791535, -79.4106387]"
76 Wychwood Avenue Toronto,"[43.67998915, -79.4237490142453]"
1 Austin Terrace Toronto,"[43.6781015, -79.409415775]"
454 Avenue Road Toronto,"[43.6849418, -79.4014521561876]"
460 Avenue Road Toronto,"[43.6853295, -79.4012786182751]"
555 Avenue Road Toronto,"[43.6874308421053, -79.40168]"
1578 Bayview Avenue Toronto,"[43.7055368025, -79.37528717]"
10 Clarendon Avenue Toronto,"[43.68324995, -79.401364]"
181 Cleveland Street Toronto,"[43.7052795, -79.3780729881365]"
26 Delisle Avenue Toronto,"[43.6891992, -79.3961229816843]"
101 Eglinton Avenue East Toronto,"[43.707252, -79.3950342]"
160 Eglinton Avenue East Toronto,"[43.707892, -79.393505]"
173 Eglinton Avenue West Toronto,"[43.70521035, -79.4043301190493]"
562 Eglinton Avenue East Toronto,"[43.7105766, -79.3800719]"
131 Farnham Avenue Toronto,"[43.6837059823529, -79.3988481941176]"
200 Lonsdale Road Toronto,"[43.69325895, -79.4038721458519]"
300 Lonsdale Road Toronto,"[43.68952945, -79.4099687614543]"
111 Manor Road East Toronto,"[43.703491, -79.3910393969638]"
64 Merton Street Toronto,"[43.696699, -79.394213]"
551 Mount Pleasant Road Toronto,"[43.7030204, -79.3875752553474]"
599 Mount Pleasant Road Toronto,"[43.7039289, -79.3881996]"
566 Mount Pleasant Road Toronto,"[43.703155, -79.388223]"
255 Spadina Road Toronto,"[43.6759946, -79.407341]"
285 Spadina Road Toronto,"[43.678931, -79.408114]"
427 Spadina Road Toronto,"[43.6890686285714, -79.4126495142857]"
40 St. Clair Avenue East Toronto,"[43.68875745, -79.3924749226061]"
175 St. Clair Avenue West Toronto,"[43.68614245, -79.4024146131096]"
230 St. Clair Avenue West Toronto,"[43.6863392, -79.4055944213433]"
1216 Yonge Street Toronto,"[43.6818913, -79.3917034]"
1256 Yonge Street Toronto,"[43.6833942, -79.3923962]"
1570 Yonge Street Toronto,"[43.69030235, -79.3957475162043]"
1585 Yonge Street Toronto,"[43.69065515, -79.3940535691539]"
2026 Yonge Street Toronto,"[43.7010698, -79.3973688]"
2035 Yonge Street Toronto,"[43.701613, -79.397063]"
2190 Yonge Street Toronto,"[43.7061229, -79.39853]"
2335 Yonge Street Toronto,"[43.7085917, -79.3985546]"
3080 Bayview Avenue Toronto,"[43.7792995, -79.39107]"
49 Bogert Avenue Toronto,"[43.75990625, -79.4129209800383]"
89 Church Avenue Toronto,"[43.77455165, -79.4083456018645]"
75 Churchill Avenue Toronto,"[43.7717871, -79.4190577658827]"
38 Ellerslie Avenue Toronto,"[43.77173055, -79.4159958536423]"
131 Finch Avenue West Toronto,"[43.7780174, -79.423266]"
45 Goulding Avenue Toronto,"[43.790698, -79.4220765224359]"
36 Greenfield Avenue Toronto,"[43.7640682, -79.4097178615617]"
123 Guildwood Parkway Toronto,"[43.7473272, -79.1994119]"
349 Kenneth Avenue Toronto,"[43.77586445, -79.4099200689024]"
34 Parkview Avenue Toronto,"[43.7716265, -79.4114421375842]"
100 Princess Avenue Toronto,"[43.76983925, -79.4064240058962]"
80 Sheppard Avenue East Toronto,"[43.7627912, -79.4064452]"
432 Sheppard Avenue East Toronto,"[43.7665377, -79.3912579315709]"
95 Sheppard Avenue West Toronto,"[43.760229, -79.415696]"
185 Sheppard Avenue West Toronto,"[43.7592961, -79.4203073]"
112 Spring Garden Avenue Toronto,"[43.76555585, -79.4063696674273]"
4950 Yonge Street Toronto,"[43.7649353, -79.4126393]"
5040 Yonge Street Toronto,"[43.7660167, -79.4144523874142]"
5100 Yonge Street Toronto,"[43.76729295, -79.4146984016348]"
5110 Yonge Street Toronto,"[43.76790235, -79.41272755]"
5120 Yonge Street Toronto,"[43.7681311, -79.4147988]"
5172 Yonge Street Toronto,"[43.7700659, -79.4132681]"
5350 Yonge Street Toronto,"[43.77413945, -79.4145726231557]"
2901 Bayview Avenue Toronto,"[43.76913195, -79.3851904052419]"
3125 Bayview Avenue Toronto,"[43.78161215, -79.3905862079918]"
233 Cummer Avenue Toronto,"[43.7891967, -79.4067953]"
288 Cummer Avenue Toronto,"[43.79026342, -79.4031865]"
1650 Finch Avenue East Toronto,"[43.7934205, -79.3526579147638]"
43 Forest Grove Drive Toronto,"[43.7795141, -79.3800357]"
5801 Leslie Street Toronto,"[43.7970955, -79.3689940434389]"
6000 Leslie Street Toronto,"[43.800115, -79.3712199487179]"
1225 Lake Shore Boulevard West Toronto,"[43.6069693, -79.490528]"
1601 Lake Shore Boulevard West Toronto,"[43.63678, -79.4471626]"
58 Lansdowne Avenue Toronto,"[43.6427532, -79.4377197]"
75 Lansdowne Avenue Toronto,"[43.6471779, -79.4391272]"
17 Morrow Avenue Toronto,"[43.65246545, -79.446891]"
21 Morrow Avenue Toronto,"[43.652684225, -79.4467034]"
6 Noble Street Toronto,"[43.6426789, -79.4310125]"
1237 Queen Street West Toronto,"[43.6417425058823, -79.4303340705882]"
1255 Queen Street West Toronto,"[43.641648, -79.4308361]"
1266 Queen Street West Toronto,"[43.642313, -79.4295176]"
1267 Queen Street West Toronto,"[43.6415423, -79.4313606]"
1296 Queen Street West Toronto,"[43.641939, -79.4306974]"
1303 Queen Street West Toronto,"[43.64115565, -79.4326339977795]"
1313 Queen Street West Toronto,"[43.6411309, -79.4332575]"
1340 Queen Street West Toronto,"[43.64169095, -79.43192645]"
1338 Queen Street West Toronto,"[43.6417027875, -79.4318660625]"
1510 Queen Street West Toronto,"[43.64039706, -79.43845222]"
1550 Queen Street West Toronto,"[43.6400795384615, -79.4398803307692]"
228 Roncesvalles Avenue Toronto,"[43.6451117, -79.4489468]"
315 Roncesvalles Avenue Toronto,"[43.6484984, -79.4497283]"
333 Roncesvalles Avenue Toronto,"[43.6492028, -79.449975]"
396 Roncesvalles Avenue Toronto,"[43.6509688, -79.4510375923077]"
400 Roncesvalles Avenue Toronto,"[43.6510824, -79.4510821615385]"
403 Roncesvalles Avenue Toronto,"[43.65097815, -79.45066375]"
345 Sorauren Avenue Toronto,"[43.649464625, -79.444526275]"
11 Strickland Avenue Toronto,"[43.6429623, -79.431117]"
20 Covington Road Toronto,"[43.7205837, -79.4323119]"
2213 Dufferin Street Toronto,"[43.6910288, -79.4481413]"
3401 Dufferin Street Toronto,"[43.7269522, -79.450578]"
1669 Eglinton Avenue West Toronto,"[43.696562, -79.445616]"
1745 Eglinton Avenue West Toronto,"[43.69609905, -79.4472820936715]"
12 Flemington Road Toronto,"[43.7193835, -79.444989]"
35 Glen Long Avenue Toronto,"[43.7088107, -79.4559732]"
5 Glen Park Avenue Toronto,"[43.7127678, -79.4294298]"
47 Glenbrook Avenue Toronto,"[43.7094343, -79.4520342285714]"
901 Lawrence Avenue West Toronto,"[43.71287255, -79.4572995173157]"
247 Marlee Avenue Toronto,"[43.7058361, -79.4423553666667]"
341 Oakwood Avenue Toronto,"[43.686547, -79.4381245]"
605 Oakwood Avenue  Toronto,"[43.6968474, -79.4424073]"
40 Playfair Avenue Toronto,"[43.7109491, -79.4566817407282]"
5 Replin Road Toronto,"[43.7180335, -79.4422696871366]"
529 Vaughan Road Toronto,"[43.69117035, -79.4368836745636]"
169 Viewmount Avenue Toronto,"[43.7082563, -79.4376956]"
2140 Avenue Road Toronto,"[43.7396625, -79.421728]"
641 Briar Hill Avenue Toronto,"[43.7082892909878, -79.4249189301815]"
201 Caribou Road Toronto,"[43.717585, -79.429145]"
125 Chatsworth Drive Toronto,"[43.72197365, -79.4108107110318]"
24 Cheritan Avenue Toronto,"[43.7230804, -79.4029708]"
585 Cranbrooke Avenue Toronto,"[43.7233793, -79.4304704]"
730 Eglinton Avenue West Toronto,"[43.7030205, -79.4215142905789]"
200 Eglinton Avenue West Toronto,"[43.70619055, -79.4044557916808]"
384 Eglinton Avenue West Toronto,"[43.704437825, -79.4098754]"
28 Fairlawn Avenue Toronto,"[43.731018, -79.4049352906463]"
1 Glenview Avenue Toronto,"[43.720066, -79.404223]"
471 Lawrence Avenue West Toronto,"[43.7196528390382, -79.427320424203]"
35 Lytton Boulevard Toronto,"[43.7157757, -79.402976]"
33 Melrose Avenue Toronto,"[43.7325473593398, -79.4054908511943]"
375 Melrose Avenue Toronto,"[43.72960106, -79.41933706]"
100 Old Orchard Grove Toronto,"[43.734295, -79.4091559462366]"
40 Orchard View Boulevard Toronto,"[43.7083798, -79.4000683]"
222 Ridley Boulevard Toronto,"[43.738717, -79.4217424659091]"
70 St. Clements Avenue Toronto,"[43.712419, -79.4016739]"
2300 Yonge Street Toronto,"[43.707356, -79.3993820198922]"
1660 Avenue Road Toronto,"[43.7265939636364, -79.4175443909091]"
2464 Yonge Street Toronto,"[43.7386565949177, -79.4022430970546]"
2492 Yonge Street Toronto,"[43.7386551937049, -79.4022451168062]"
3300 Yonge Street Toronto,"[43.7386147587063, -79.4023034010684]"
4190 Yonge Street Toronto,"[43.7472965, -79.4085285363372]"
34 Caledonia Road Toronto,"[43.6762336, -79.4553177214286]"
60 Caledonia Road Toronto,"[43.6768069, -79.4555533]"
1900 Davenport Road Toronto,"[43.6706344, -79.4545393]"
1625 Dufferin Street Toronto,"[43.6769865, -79.4423773573376]"
1695 Dufferin Street Toronto,"[43.6787416, -79.4431763]"
330 Geary Avenue Toronto,"[43.6689216285714, -79.4430723]"
940 Lansdowne Avenue Toronto,"[43.66881, -79.4474724]"
1200 Lansdowne Avenue Toronto,"[43.67197715, -79.4492473303118]"
960 St. Clair Avenue West Toronto,"[43.6796115714286, -79.4362012857143]"
1069 St. Clair Avenue West Toronto,"[43.6786681454545, -79.4392291454545]"
1133 St. Clair Avenue West Toronto,"[43.6781840090909, -79.4413184]"
1369 St. Clair Avenue West Toronto,"[43.6754981, -79.4517195]"
1697 St Clair Avenue West Toronto,"[43.6742324, -79.4592070727273]"
1748 St. Clair Avenue West Toronto,"[43.6743469, -79.460672]"
344 Westmoreland Avenue North Toronto,"[43.670732475, -79.4346264]"
1 Wiltshire Avenue Toronto,"[43.6678483, -79.4500896]"
38 Abell Street Toronto,"[43.642027, -79.4241163]"
14 Afton Avenue Toronto,"[43.6472311, -79.4256389]"
1041 Bloor Street West Toronto,"[43.6605459, -79.4315528]"
1101 Bloor Street West Toronto,"[43.6600322, -79.4339339]"
1140 Bloor Street West Toronto,"[43.6599421, -79.4357426]"
1200 Bloor Street West Toronto,"[43.6698153, -79.3897222]"
1222 Bloor Street West Toronto,"[43.6592345, -79.4391518]"
1241 Bloor Street West Toronto,"[43.658555925, -79.4410909416667]"
1277 Bloor Street West Toronto,"[43.6583479, -79.4421515]"
1379 Bloor Street West Toronto,"[43.6575594615385, -79.4458797923077]"
267 Brock Avenue Toronto,"[43.6494498, -79.434963]"
225 Campbell Avenue Toronto,"[43.6629703, -79.4485509]"
1162 College Street Toronto,"[43.652320047619, -79.4343910428571]"
1078 Dovercourt Road Toronto,"[43.6694577714286, -79.4328411571429]"
436 Dufferin Street Toronto,"[43.6439972090909, -79.4294668272727]"
444 Dufferin Street Toronto,"[43.6444629545455, -79.4296400636364]"
875 Dufferin Street Toronto,"[43.6950948, -79.4499812]"
1260 Dufferin Street Toronto,"[43.668062, -79.4390529]"
1273 Dundas Street West Toronto,"[43.6497091561368, -79.4349523203219]"
1389 Dundas Street West Toronto,"[43.6497161581489, -79.4350677368209]"
1450 Dundas Street West Toronto,"[43.6497318, -79.43044295]"
1585 Dundas Street West Toronto,"[43.6497279891348, -79.4352627509054]"
1691 Dundas Street West Toronto,"[43.6499040254408, -79.4377453980788]"
1137 Dupont Street Toronto,"[43.6684956, -79.4379041]"
1444 Dupont Street Toronto,"[43.6661647, -79.4498393]"
1581 Dupont Street Toronto,"[43.6650637992998, -79.4535554420514]"
1589 Dupont Street Toronto,"[43.6650385, -79.4538238486993]"
1597 Dupont Street Toronto,"[43.66491880625, -79.45431845]"
50 Gladstone Avenue Toronto,"[43.6438768, -79.427834]"
270 Gladstone Avenue Toronto,"[43.65078596, -79.4304977444445]"
252 Lansdowne Avenue Toronto,"[43.65113284, -79.4402899]"
346 Lansdowne Avenue Toronto,"[43.6471779, -79.4391272]"
712 Lansdowne Avenue Toronto,"[43.6637602287761, -79.4454800345992]"
37 Lisgar Street Toronto,"[43.641722225, -79.4228995]"
1092 Queen Street West Toronto,"[43.6435774, -79.4225689]"
1093 Queen Street West Toronto,"[43.6519376, -79.3814863]"
1100 Queen Street West Toronto,"[43.6434853, -79.4228957]"
1115 Queen Street West Toronto,"[43.6431496, -79.4233796]"
1150 Queen Street West Toronto,"[43.64325305, -79.4246933394742]"
1153 Queen Street West Toronto,"[43.6427197, -79.4247485]"
1164 Queen Street West Toronto,"[43.6430416, -79.4252680333333]"
1172 Queen Street West Toronto,"[43.6429666, -79.4255123]"
1186 Queen Street West Toronto,"[43.6428351, -79.4261755]"
1198 Queen Street West Toronto,"[43.6427555, -79.4265855]"
1214 Queen Street West Toronto,"[43.6426848, -79.4269589]"
2 Ruskin Avenue Toronto,"[43.6627466, -79.4514319]"
66 Sheridan Avenue Toronto,"[43.647371, -79.4331163810837]"
213 Sterling Road Toronto,"[43.6555303, -79.4462364]"
227 Sterling Road Toronto,"[43.656079188, -79.446746236]"
99 Sudbury Street Toronto,"[43.6412087, -79.4224895]"
180 Sudbury Street Toronto,"[43.6418286, -79.4252622]"
87 Wade Avenue Toronto,"[43.6600864, -79.445551]"
258 Wallace Avenue Toronto,"[43.66193, -79.4470613]"
180 Westmoreland Avenue Toronto,"[43.6649776, -79.4322211]"
19 Atlantic Avenue Toronto,"[43.636988382024, -79.4199266763264]"
19R Atlantic Avenue Toronto,"[43.636988382024, -79.4199266763264]"
168 Bathurst Street Toronto,"[43.6465958, -79.4041857939156]"
720 Bathurst Street Toronto,"[43.6631657, -79.4107769775648]"
736 Bathurst Street Toronto,"[43.6635654, -79.4109113]"
746 Bathurst Street Toronto,"[43.6643045545455, -79.4110792636364]"
4 Bellwoods Avenue Toronto,"[43.646296, -79.4113042]"
65 Bellwoods Avenue Toronto,"[43.6481696, -79.4115681]"
123 Bellwoods Avenue Toronto,"[43.6495946, -79.4121293]"
627 Bloor Street West Toronto,"[43.6643299272727, -79.4142701090909]"
693 Bloor Street West Toronto,"[43.6636069, -79.4173007]"
750 Bloor Street West Toronto,"[43.6663836, -79.4040021]"
777 Bloor Street West Toronto,"[43.6626246, -79.4194233]"
859 Bloor Street West Toronto,"[43.6620818, -79.4245078]"
899 Bloor Street West Toronto,"[43.66173728, -79.42615114]"
945 Bloor Street West Toronto,"[43.6613623, -79.4278718]"
25 British Columbia Road Toronto,"[43.6317358, -79.4256694]"
454 College Street Toronto,"[43.6565961, -79.408213375]"
489 College Street Toronto,"[43.6559759, -79.4093377]"
608 College Street Toronto,"[43.6552244, -79.4145362]"
722 College Street Toronto,"[43.6552509, -79.4192438]"
766 College Street Toronto,"[43.6550781, -79.420111]"
783 College Street Toronto,"[43.6548289, -79.4199807]"
155 Crawford Street Toronto,"[43.6463211, -79.4149311517555]"
279 Dovercourt Road Toronto,"[43.6492566, -79.4244825]"
375 Dovercourt Road Toronto,"[43.6616788, -79.4296293]"
805 Dovercourt Road Toronto,"[43.6627534, -79.4296464]"
999 Dovercourt Road Toronto,"[43.6674997347826, -79.4316516391304]"
10 Dufferin Street Toronto,"[43.6950948, -79.4499812]"
801 Dundas Street West Toronto,"[43.6517416, -79.4080451588235]"
831 Dundas Street West Toronto,"[43.6514918, -79.4093937]"
850 Dundas Street West Toronto,"[43.6515918, -79.4103454]"
1112 Dundas Street West Toronto,"[43.6496307631579, -79.4199690368421]"
1161 Dundas Street West Toronto,"[43.64924, -79.4214609]"
1183 Dundas Street West Toronto,"[43.6492507, -79.4219559]"
1197 Dundas Street West Toronto,"[43.6491534, -79.4223360886501]"
1256 Dundas Street West Toronto,"[43.64956172, -79.4244424]"
927 Dupont Street Toronto,"[43.6700856, -79.4301188]"
171 East Liberty Street Toronto,"[43.6385977, -79.4180586]"
100 Garrison Road Toronto,"[43.6372773, -79.4087542]"
322 Harbord Street Toronto,"[43.6619167, -79.4078778]"
909 Lake Shore Boulevard West Toronto,"[43.6292015, -79.4153451009089]"
955 Lake Shore Boulevard West Toronto,"[43.6069693, -79.490528]"
477 Manning Avenue Toronto,"[43.6591381125, -79.4139620875]"
14 Markham Street Toronto,"[43.6654751, -79.412638]"
581 Markham Street Toronto,"[43.6637554, -79.4117839]"
600 Markham Street Toronto,"[43.6642381077135, -79.4123061691767]"
602 Markham Street Toronto,"[43.6643121231011, -79.4123352076306]"
603 Markham Street Toronto,"[43.6646940666667, -79.4121558833333]"
612 Markham Street Toronto,"[43.6646822, -79.4124804]"
347 Montrose Avenue Toronto,"[43.6590291625, -79.419243478125]"
485 Montrose Avenue Toronto,"[43.6589768, -79.4193268]"
89 Niagara Street Toronto,"[43.6415163333333, -79.4033806666667]"
100 Niagara Street Toronto,"[43.641518, -79.404317]"
109 Niagara Street Toronto,"[43.641345, -79.404252]"
254 Niagara Street Toronto,"[43.6450211, -79.4092727]"
9 Ossington Avenue Toronto,"[43.6444927, -79.4187353]"
12 Ossington Avenue Toronto,"[43.6445816666667, -79.4191800666667]"
44 Ossington Avenue Toronto,"[43.6452084, -79.419364]"
58 Ossington Avenue Toronto,"[43.6454791, -79.4195081285714]"
61 Ossington Avenue Toronto,"[43.6455975, -79.4191823]"
64 Ossington Avenue Toronto,"[43.6456883, -79.4195263]"
78 Ossington Avenue Toronto,"[43.6459212, -79.4196202]"
100 Ossington Avenue Toronto,"[43.6463642, -79.419759]"
103 Ossington Avenue Toronto,"[43.6553938, -79.4230669]"
129 Ossington Avenue Toronto,"[43.6470813, -79.4197167]"
131 Ossington Avenue Toronto,"[43.6471362, -79.4197402]"
218 Ossington Avenue Toronto,"[43.6490944, -79.4208389]"
249 Ossington Avenue Toronto,"[43.6497275, -79.4206992]"
100 Princes' Boulevard Toronto,"[43.6353589, -79.4132389093225]"
190 Princes' Boulevard Toronto,"[43.6324923053175, -79.4209849858634]"
195 Princes' Boulevard Toronto,"[43.6324979, -79.4221826]"
680 Queen Street West Toronto,"[43.6427487, -79.425955]"
739 Queen Street West Toronto,"[43.64644395, -79.40705415]"
761 Queen Street West Toronto,"[43.6463135, -79.4075995]"
790 Queen Street West Toronto,"[43.6427487, -79.425955]"
817 Queen Street West Toronto,"[43.6459885, -79.4092562]"
821 Queen Street West Toronto,"[43.6459974534884, -79.4092828953488]"
841 Queen Street West Toronto,"[43.6458408, -79.4101483]"
887 Queen Street West Toronto,"[43.6455418, -79.4116089]"
888 Queen Street West Toronto,"[43.6451293, -79.4147654]"
890 Queen Street West Toronto,"[43.6451181, -79.4148177]"
900 Queen Street West Toronto,"[43.645037, -79.4154153]"
906 Queen Street West Toronto,"[43.64501423, -79.41552699]"
944 Queen Street West Toronto,"[43.6447676, -79.416684]"
952 Queen Street West Toronto,"[43.6447201714286, -79.4169141714286]"
962 Queen Street West Toronto,"[43.644644, -79.4171901]"
978 Queen Street West Toronto,"[43.6445028, -79.4178781]"
980 Queen Street West Toronto,"[43.6444888, -79.4179418]"
984 Queen Street West Toronto,"[43.6444645, -79.4180628]"
990 Queen Street West Toronto,"[43.6444199, -79.4182616]"
1001 Queen Street West Toronto,"[43.64303255, -79.4186392134922]"
1026 Queen Street West Toronto,"[43.6441396, -79.4197647]"
1082 Queen Street West Toronto,"[43.6437425, -79.421926479582]"
1086 Queen Street West Toronto,"[43.6436638, -79.4220349]"
1087 Queen Street West Toronto,"[43.6434164, -79.4221509]"
15 Saskatchewan Road Toronto,"[43.6325299, -79.4246825]"
107 Shaw Street Toronto,"[43.6451168, -79.4162674]"
180 Shaw Street Toronto,"[43.6468933, -79.4174717]"
570 Shaw Street Toronto,"[43.6574869, -79.4218727547041]"
1 Snooker Street Toronto,"[43.6394056, -79.4207173]"
2 Strachan Avenue Toronto,"[43.6347851, -79.4094597]"
"94 Stafford St.
 Toronto","[43.644226025, -79.4116029]"
129 Tecumseth Street Toronto,"[43.6453793, -79.4059522]"
133 Tecumseth Street Toronto,"[43.6454397, -79.4059750666667]"
137 Tecumseth Street Toronto,"[43.6458514, -79.406131]"
155 Walnut Avenue Toronto,"[43.64398, -79.409747]"
163 Walnut Avenue Toronto,"[43.644701, -79.410247]"
198 Walnut Avenue Toronto,"[43.6427509, -79.4088333]"
575 Wellington Street West Toronto,"[43.6423853529412, -79.4029742941176]"
263 Adelaide Street West Toronto,"[43.6478451, -79.3896669]"
404 Adelaide Street West Toronto,"[43.646672, -79.396332]"
410 Adelaide Street West Toronto,"[43.6466267, -79.3965918]"
425 Adelaide Street West Toronto,"[43.6460763, -79.3978618]"
167 Augusta Avenue Toronto,"[43.653055, -79.4012476]"
207 Augusta Avenue Toronto,"[43.6539644947368, -79.40162325]"
209 Augusta Avenue Toronto,"[43.6540087315789, -79.4016409]"
224 Augusta Avenue Toronto,"[43.6549604, -79.4023485166667]"
268 Augusta Avenue Toronto,"[43.6567073, -79.40306905]"
277 Augusta Avenue Toronto,"[43.6558357571429, -79.4023795571429]"
299 Augusta Avenue Toronto,"[43.6565673, -79.4026918]"
214 Avenue Road Toronto,"[43.6765066, -79.3975174]"
216 Avenue Road Toronto,"[43.6765311, -79.39752825]"
50 Baldwin Street Toronto,"[43.655808, -79.394865]"
125 Bathurst Street Toronto,"[43.6455029, -79.4028205]"
133 Bathurst Street Toronto,"[43.6457119333333, -79.4033108]"
327 Bathurst Street Toronto,"[43.6521007, -79.405463]"
463 Bathurst Street Toronto,"[43.6553943518519, -79.4070848111111]"
725 Bathurst Street Toronto,"[43.66293165, -79.4089277280955]"
794 Bathurst Street Toronto,"[43.66531058, -79.41146722]"
918 Bathurst Street Toronto,"[43.668571, -79.4129865334649]"
1086 Bathurst Street Toronto,"[43.67260724, -79.41435404]"
168 Bedford Road Toronto,"[43.6751342, -79.4001644]"
170 Bedford Road Toronto,"[43.675176825, -79.400182275]"
25 Bellevue Avenue Toronto,"[43.653797, -79.4029499880265]"
103 Bellevue Avenue Toronto,"[43.6549637, -79.4036271]"
136 Beverley Street Toronto,"[43.6541064, -79.3942961]"
196 Beverley Street Toronto,"[43.6563953333333, -79.3950466666667]"
227 Bloor Street East Toronto,"[43.67097335, -79.381195860937]"
252 Bloor Street West Toronto,"[43.6682116, -79.3984994958976]"
273 Bloor Street West Toronto,"[43.6679307, -79.3962546]"
300 Bloor Street West Toronto,"[43.66740135, -79.4019207916424]"
310 Bloor Street West Toronto,"[43.66723505, -79.4025704101807]"
327 Bloor Street West Toronto,"[43.66725785, -79.4001431483655]"
344 Bloor Street West Toronto,"[43.6669615, -79.4033252]"
427 Bloor Street West Toronto,"[43.666059, -79.4057000179167]"
481 Bloor Street West Toronto,"[43.6657861, -79.4071749]"
506 Bloor Street West Toronto,"[43.66548415, -79.4106632307897]"
525 Bloor Street West Toronto,"[43.6654307, -79.4091022]"
529 Bloor Street West Toronto,"[43.66536986, -79.40949638]"
539 Bloor Street West Toronto,"[43.6652165, -79.4101099]"
561 Bloor Street West Toronto,"[43.6651014666667, -79.4107964]"
563 Bloor Street West Toronto,"[43.6650495, -79.4107448]"
1700 Finch Avenue East Toronto,"[43.7940015, -79.351309006087]"
120 Banbury Road Toronto,"[43.7428477, -79.3687358]"
300 Banbury Road Toronto,"[43.7529842, -79.3707954]"
375 Banbury Road Toronto,"[43.75643165, -79.3697171649694]"
2180 Bayview Avenue Toronto,"[43.7250644, -79.380396]"
2275 Bayview Avenue Toronto,"[43.726799, -79.381443]"
2365 Bayview Avenue Toronto,"[43.7328625, -79.3789695625]"
2489 Bayview Avenue Toronto,"[43.7422246, -79.3828511]"
2609 Bayview Avenue Toronto,"[43.7516918, -79.3842205770635]"
2640 Bayview Avenue Toronto,"[43.7544186, -79.3858359221524]"
2737 Bayview Avenue Toronto,"[43.7611235, -79.385870819447]"
80 Blythwood Road Toronto,"[43.7175433, -79.3981143157033]"
19 Don Ridge Drive Toronto,"[43.7481457120828, -79.4042389645388]"
306 Lawrence Avenue East Toronto,"[43.727514, -79.38237]"
777 Lawrence Avenue East Toronto,"[43.7314418, -79.3583800805538]"
888 Lawrence Avenue East Toronto,"[43.7366676, -79.3473522524503]"
1133 Leslie Street Toronto,"[43.72639265, -79.3483660961654]"
1300 Leslie Street Toronto,"[43.731977, -79.355533]"
1901 Mount Pleasant Road Toronto,"[43.7353803, -79.399828]"
120 Old Colony Road Toronto,"[43.7599503, -79.3742764458146]"
25 Old York Mills Road Toronto,"[43.7434105, -79.4043089685652]"
33 Overland Drive Toronto,"[33.5731779795918, -117.735498612245]"
81 Ranleigh Avenue Toronto,"[43.72748575, -79.4000100807978]"
25 Wanless Avenue Toronto,"[43.726238, -79.40163671875]"
3083 Yonge Street Toronto,"[43.72483855, -79.40182094363]"
490 York Mills Road Toronto,"[43.75157415, -79.373667512181]"
1399 Bayview Avenue Toronto,"[43.702001, -79.3735734]"
1847 Bayview Avenue Toronto,"[43.71426085, -79.3771140490828]"
76 Bennington Heights Drive Toronto,"[43.69358225, -79.3689639259001]"
770 Don Mills Road Toronto,"[43.714838, -79.3402429213075]"
670 Eglinton Avenue East Toronto,"[43.7121841, -79.372287]"
6 Garamond Court Toronto,"[43.725619, -79.333642]"
28 Industrial Street Toronto,"[43.7081370058824, -79.3586496352941]"
51 Laird Drive Toronto,"[43.7043322, -79.3608964666667]"
165 McRae Drive Toronto,"[43.70653595, -79.3675758989551]"
1073 Millwood Road Toronto,"[43.70170125, -79.361232647433]"
76 Overlea Boulevard Toronto,"[43.7086945, -79.3412150377345]"
29 St. Dennis Drive Toronto,"[43.7180345, -79.3315243]"
46 Thorncliffe Park Drive Toronto,"[43.702075, -79.34313]"
48 Thorncliffe Park Drive Toronto,"[43.7029518, -79.3425925]"
105 Vanderhoof Avenue Toronto,"[43.7123756, -79.3609342]"
123 Wynford Drive Toronto,"[43.7269283, -79.3294439]"
822 Millwood Road Toronto,"[43.70535375, -79.368757038575]"
16 Thorncliffe Park Drive Toronto,"[43.7040533, -79.3474419]"
94 Laird Drive Toronto,"[43.70587415, -79.3621036065099]"
88 Laird Drive Toronto,"[43.7057234333333, -79.3618424666667]"
862 Millwood Road Toronto,"[43.7044068891292, -79.3659977515923]"
200 Hanna Road Toronto,"[43.7113032, -79.3730458274888]"
110 Rumsey Road Toronto,"[43.7058117, -79.3670293]"
15 Gervais Drive Toronto,"[43.722036, -79.335907503048]"
6 Thorncliffe Park Drive Toronto,"[43.705195, -79.350004]"
1 Laird Drive Toronto,"[43.7091455, -79.3626229]"
45 Esandar Drive Toronto,"[43.7070916, -79.3573006]"
1595 Bayview Avenue Toronto,"[43.7060660908339, -79.3751144114473]"
190 Laird Drive Toronto,"[43.710514, -79.3638149]"
1541A Bayview Avenue Toronto,"[43.7050941, -79.3747382]"
150 Laird Drive Toronto,"[43.7085525, -79.3629761]"
1929 Bayview Avenue Toronto,"[43.7179054, -79.377666658548]"
12 Alexander Street Toronto,"[43.663168, -79.382944]"
83 Alexander Street Toronto,"[43.6634037, -79.379185847147]"
49 Avenue Road Toronto,"[43.6708539, -79.3946575]"
111 Avenue Road Toronto,"[43.6732425, -79.3957197]"
217 Avenue Road Toronto,"[43.6762235785714, -79.39701655]"
243 Avenue Road Toronto,"[43.67698495, -79.3971027633267]"
900 Bay Street Toronto,"[43.6631944, -79.3873360371924]"
117 Bloor Street East Toronto,"[43.6699717, -79.3839343]"
121 Bloor Street East Toronto,"[43.67046295, -79.3838671885314]"
711 Bloor Street East Toronto,"[43.67397725, -79.3655121705537]"
55 Bloor Street West Toronto,"[43.6696176, -79.3887161]"
80 Bloor Street West Toronto,"[43.669778, -79.389973]"
131 Bloor Street West Toronto,"[43.6687048, -79.392296]"
162 Bloor Street West Toronto,"[43.6690902, -79.393991104891]"
82 Bond Street Toronto,"[43.6557497, -79.3782498]"
20 Carlton Street Toronto,"[43.6615749, -79.3815865]"
55 Centre Avenue Toronto,"[43.6544937, -79.3866913]"
93 Charles Street West Toronto,"[43.66727135, -79.3923640475665]"
200 Church Street Toronto,"[43.7094562, -79.5095098]"
467 Church Street Toronto,"[43.6642715, -79.3801019]"
487 Church Street Toronto,"[43.6651431666667, -79.3805833333333]"
500 Church Street Toronto,"[43.6640495714286, -79.3803859285714]"
511 Church Street Toronto,"[43.6661788, -79.3810021]"
519 Church Street Toronto,"[43.6665184, -79.3809081949956]"
562 Church Street Toronto,"[43.6659368571429, -79.381162]"
78 Clifton Road Toronto,"[43.6909121, -79.3847964]"
2 College Street Toronto,"[43.661418, -79.383305]"
40 College Street Toronto,"[43.6613571, -79.385133559294]"
101 College Street Toronto,"[43.659764, -79.3883646204935]"
108 Cumberland Street Toronto,"[43.6703346, -79.3913919]"
118 Cumberland Street Toronto,"[43.6702639, -79.391792]"
120 Cumberland Street Toronto,"[43.67022695, -79.39185945]"
45 Davenport Road Toronto,"[43.6727755, -79.3895401]"
61 Davenport Road Toronto,"[43.6728949, -79.3921441319235]"
110 Davenport Road Toronto,"[43.6702491, -79.4565844]"
190 Davenport Road Toronto,"[43.674955, -79.39589]"
192 Davenport Road Toronto,"[43.674936, -79.3959853333333]"
198 Davenport Road Toronto,"[43.674879, -79.3962713333333]"
1 Dundas Street East Toronto,"[43.6583384, -79.3722469]"
10 Dundas Street East Toronto,"[43.65705995, -79.3804040669412]"
179 Dundas Street East Toronto,"[43.6569499, -79.3740119]"
14 Elm Street Toronto,"[43.6578983, -79.3824565384178]"
33 Gerrard Street East Toronto,"[43.6593803333333, -79.380274]"
43 Gerrard Street East Toronto,"[43.6593908, -79.3795591]"
44 Gerrard Street East Toronto,"[43.6599342, -79.379777432247]"
80 Gerrard Street East Toronto,"[43.6600578333333, -79.3779920833333]"
111 Gerrard Street East Toronto,"[43.6601056, -79.376588]"
1 Gloucester Street Toronto,"[43.666757, -79.384726]"
63 Gould Street Toronto,"[43.6579426, -79.3780974538327]"
80 Gould Street Toronto,"[43.65869085, -79.3769281152772]"
20 Grosvenor Street Toronto,"[43.6632139, -79.3850910122449]"
12 Hazelton Avenue Toronto,"[43.6712883, -79.3937791]"
16 Hazelton Avenue Toronto,"[43.67123635, -79.39337675]"
22 Hazelton Avenue Toronto,"[43.671561, -79.3934971]"
33 Hazelton Avenue Toronto,"[43.671698, -79.393298]"
35 Hazelton Avenue Toronto,"[43.6718882, -79.3932442042223]"
212-33 Hazelton Avenue Toronto,"[43.6749992, -79.3947615]"
75 Huntley Street Toronto,"[43.668684, -79.37791]"
34 Isabella Street Toronto,"[43.6681676, -79.3839346]"
400 Jarvis Street Toronto,"[43.6637655, -79.3777694217487]"
404 Jarvis Street Toronto,"[43.66425275, -79.3779685273462]"
449 Jarvis Street Toronto,"[43.6645056153846, -79.3774550769231]"
129 Mount Pleasant Road Toronto,"[43.6759473, -79.3801008254329]"
56 Queen Street East Toronto,"[43.653936, -79.3767446604032]"
100 Queen Street West Toronto,"[43.6536032, -79.3840054746967]"
111 Queen's Park Crescent Toronto,"[43.6599803, -79.3903686]"
71 Queen's Park Crescent East Toronto,"[43.6663386, -79.3912988834797]"
73 Queen's Park Crescent East Toronto,"[43.666071, -79.392004]"
159 Roxborough Drive Toronto,"[43.6841415, -79.3722328465253]"
112 Scollard Street Toronto,"[43.6718066230769, -79.3925338384615]"
121 Scollard Street Toronto,"[43.6716267615385, -79.3925196461538]"
150 Sherbourne Street Toronto,"[43.6582303, -79.3709605]"
410 Sherbourne Street Toronto,"[43.664693, -79.3740248]"
520 Sherbourne Street Toronto,"[43.6683967, -79.3757191991434]"
12 St. Joseph Street Toronto,"[43.6659755, -79.3858115]"
20 St. Joseph Street Toronto,"[43.6661287, -79.3864615623765]"
50 St. Joseph Street Toronto,"[43.665686, -79.387925]"
18 St. Thomas Street Toronto,"[43.6687835, -79.3911449]"
10 Trinity Square Toronto,"[43.6547036, -79.3816973654309]"
481 University Avenue Toronto,"[43.6551681, -79.3879846]"
178 Victoria Street Toronto,"[43.6539472, -79.3789811]"
200 Victoria Street Toronto,"[43.65442965, -79.379164020315]"
244 Victoria Street Toronto,"[43.65522095, -79.3794980873819]"
251 Victoria Street Toronto,"[43.6558131, -79.3790608]"
253 Victoria Street Toronto,"[43.6557093125, -79.379201625]"
350 Victoria Street Toronto,"[43.65851735, -79.3808618943167]"
74 Wellesley Street West Toronto,"[43.66437495, -79.3888381930782]"
100 Wellesley Street West Toronto,"[43.66400615, -79.39027343125]"
110 Wellesley Street West Toronto,"[43.6647495, -79.385459]"
189 Yonge Street Toronto,"[43.6531366, -79.3793735]"
279 Yonge Street Toronto,"[43.6555741034483, -79.3804548275862]"
444 Yonge Street Toronto,"[43.6609253, -79.383211]"
641 Yonge Street Toronto,"[43.6677216, -79.385614]"
651 Yonge Street Toronto,"[43.668141, -79.385775]"
789 Yonge Street Toronto,"[43.6718771, -79.3866662948016]"
850 Yonge Street Toronto,"[43.671791, -79.387559]"
888 Yonge Street Toronto,"[43.6730826, -79.3882891526121]"
1199 Yonge Street Toronto,"[43.682976, -79.391744]"
22 Yorkville Avenue Toronto,"[43.67200735, -79.3886231577112]"
70 Yorkville Avenue Toronto,"[43.6712928, -79.3910231]"
88 Yorkville Avenue Toronto,"[43.6711946, -79.3918021]"
110 Yorkville Avenue Toronto,"[43.6709426, -79.3928142]"
136 Yorkville Avenue Toronto,"[43.6706185294118, -79.3941085882353]"
140 Yorkville Avenue Toronto,"[43.6705832352941, -79.3942727058824]"
57 Adelaide Street East Toronto,"[43.65093835, -79.3752936222741]"
260 Adelaide Street East Toronto,"[43.6518623, -79.3704134]"
40 Bay Street Toronto,"[43.64342985, -79.3790594837324]"
181 Bay Street Toronto,"[43.64717595, -79.3782958944509]"
234 Bay Street Toronto,"[43.6477412, -79.3801145]"
366 Bay Street Toronto,"[43.6508194, -79.3813227]"
401 Bay Street Toronto,"[43.6439637, -79.3782113]"
26 Berkeley Street Toronto,"[43.6505874, -79.3639669]"
56 Berkeley Street Toronto,"[43.652219, -79.364578]"
70 Berkeley Street Toronto,"[43.652849, -79.364839]"
95 Berkeley Street Toronto,"[43.653559, -79.3647706]"
85 Bleecker Street Toronto,"[43.665149, -79.3722586890512]"
525 Bloor Street East Toronto,"[43.6720829, -79.3737349]"
41 Britain Street Toronto,"[43.6537560010654, -79.3701369357191]"
157 Carlton Street Toronto,"[43.6613916, -79.3829715]"
191 Carlton Street Toronto,"[43.6635611428571, -79.370807]"
6 Case Goods Lane Toronto,"[43.649936, -79.35922]"
15 Case Goods Lane Toronto,"[43.6498432, -79.3587924]"
17 Church Street Toronto,"[43.648248, -79.3735482]"
65 Church Street Toronto,"[43.6504971, -79.3740018856607]"
47 Colborne Street Toronto,"[43.648661, -79.3747795]"
55 Colborne Street Toronto,"[43.6484137, -79.3773633]"
32 Distillery Lane Toronto,"[43.6497479, -79.3601892]"
25 Dockside Drive Toronto,"[43.6435988, -79.3663993]"
585 Dundas Street East Toronto,"[43.6601096, -79.3619394]"
20 Fifth Street Toronto,"[43.632162, -79.3560958]"
145 Fifth Street Toronto,"[43.60214296, -79.50325948]"
1 Front Street East Toronto,"[43.6466508, -79.3760596972471]"
27 Front Street East Toronto,"[43.6473546, -79.3751740183934]"
45 Front Street East Toronto,"[43.647892, -79.3744397]"
49 Front Street East Toronto,"[43.6479793, -79.3742625]"
67 Front Street East Toronto,"[43.6484394, -79.3734464]"
71 Front Street East Toronto,"[43.648702, -79.373041]"
80 Front Street East Toronto,"[43.6492514, -79.3724309]"
91 Front Street East Toronto,"[43.6490353, -79.3718989]"
95 Front Street East Toronto,"[43.6491228, -79.3718086]"
165 Front Street East Toronto,"[43.6500505, -79.3688629]"
171 Front Street East Toronto,"[43.6499639, -79.3684534]"
227 Front Street East Toronto,"[43.650861, -79.365395]"
100 Front Street West Toronto,"[43.6459092, -79.3813636]"
65 George Street Toronto,"[43.650643, -79.370516]"
145 George Street Toronto,"[43.6532989090909, -79.3716673636364]"
204 Gerrard Street East Toronto,"[43.661454, -79.371589]"
222 Gerrard Street East Toronto,"[43.661685, -79.370542]"
269 Gerrard Street East Toronto,"[43.6618595, -79.3679671]"
415 Gerrard Street East Toronto,"[43.6628167666667, -79.3623675857143]"
33 Harbour Square Toronto,"[43.6406828, -79.3769999]"
129 Jarvis Street Toronto,"[43.6531253, -79.3726077241852]"
91 King Street East Toronto,"[43.649737, -79.374768]"
111 King Street East Toronto,"[43.649933, -79.3738888275862]"
157 King Street East Toronto,"[43.6502543, -79.3723107]"
169 King Street East Toronto,"[43.6557548, -79.3580429]"
200 King Street East Toronto,"[43.650853, -79.370537]"
300 King Street East Toronto,"[43.652169, -79.3646]"
310 King Street East Toronto,"[43.6524256, -79.364054]"
380 King Street East Toronto,"[43.6539542, -79.3614399]"
461 King Street East Toronto,"[43.6538796666667, -79.361036]"
1 King Street West Toronto,"[43.6487854, -79.3781831237976]"
4 King Street West Toronto,"[43.6492696, -79.3782176]"
100 King Street West Toronto,"[43.6487681, -79.3816917928303]"
130 King Street West Toronto,"[43.64804, -79.383444]"
102 Lakeshore Avenue Toronto,"[43.627385, -79.3563151]"
443 Lakeshore Avenue Toronto,"[43.613853, -79.379475]"
110 Lombard Street Toronto,"[43.65231, -79.3733]"
49 Lower Jarvis Street Toronto,"[43.6472866, -79.3703414]"
37 Mill Street Toronto,"[43.6504673478261, -79.3605298695652]"
55 Mill Street Toronto,"[43.6511815, -79.3575749]"
40 Oak Street Toronto,"[43.66139715, -79.3651035893108]"
349 Ontario Street Toronto,"[43.6605139215686, -79.3690902745098]"
675 Ontario Street Toronto,"[43.6700506, -79.3724342571764]"
37 Parliament Street Toronto,"[43.64953, -79.361731]"
304 Parliament Street Toronto,"[43.659224, -79.3661108]"
422 Parliament Street Toronto,"[43.6628885, -79.3676421]"
454 Parliament Street Toronto,"[43.6635099, -79.3678463]"
476 Parliament Street Toronto,"[43.6645069, -79.3682116]"
488 Parliament Street Toronto,"[43.664779575, -79.36836235]"
509 Parliament Street Toronto,"[43.6651061, -79.3681006]"
83 Power Street Toronto,"[43.6550093, -79.3629817]"
111 Queen Street East Toronto,"[43.6533611, -79.3743382]"
315 Queen Street East Toronto,"[43.6551426, -79.3659375]"
382 Queen Street East Toronto,"[43.6559581, -79.3634312]"
468 Queen Street East Toronto,"[43.6566125, -79.3604986]"
500 Queen Street East Toronto,"[43.6569188, -79.3591396]"
503 Queen Street East Toronto,"[43.6569492, -79.3579175]"
145 Queen Street West Toronto,"[43.65059655, -79.3855367478667]"
132 Queen's Quay East Toronto,"[43.6441593, -79.3687814]"
67 Richmond Street East Toronto,"[43.6524300434783, -79.3751921304348]"
190 Richmond Street East Toronto,"[43.6520037, -79.377527]"
230 Richmond Street East Toronto,"[43.653118, -79.370699]"
260 Richmond Street East Toronto,"[43.6532447, -79.3703095]"
145 Richmond Street West Toronto,"[43.64993865, -79.3853803728614]"
203 Sackville Street Toronto,"[43.6586604782609, -79.3622975652174]"
116.5 Sherbourne Street Toronto,"[43.653722, -79.3693508]"
118 Sherbourne Street Toronto,"[43.653788, -79.369368]"
353 Sherbourne Street Toronto,"[43.66305255, -79.3724281136494]"
495 Sherbourne Street Toronto,"[43.6673836, -79.3742632]"
545 Sherbourne Street Toronto,"[43.6684676, -79.3749655]"
619 Sherbourne Street Toronto,"[43.6718273, -79.3760904543103]"
52 St. Lawrence Street Toronto,"[43.656245, -79.356984]"
58 Sumach Street Toronto,"[43.656193, -79.3589534342745]"
7 Tank House Lane Toronto,"[43.650269, -79.3591862857143]"
18 Tank House Lane Toronto,"[43.6505099, -79.3586157]"
50 Tank House Lane Toronto,"[43.6508743, -79.3576622]"
110 The Esplanade Toronto,"[43.6479649, -79.3721858]"
230 The Esplanade Toronto,"[43.6496513, -79.3652302]"
250 The Esplanade Toronto,"[43.6498184, -79.3643176]"
4 Trinity Street Toronto,"[43.6499043, -79.3596765]"
106 Trinity Street Toronto,"[43.6528457, -79.3616271149024]"
20 Victoria Street Toronto,"[43.64948, -79.376926]"
260 Wellesley Street East Toronto,"[43.669121, -79.3718597372071]"
52 Wellington Street East Toronto,"[43.6485802, -79.374533]"
51 Winchester Street Toronto,"[43.6658865, -79.3680644]"
80 Winchester Street Toronto,"[43.6662806, -79.3671095]"
201 Winchester Street Toronto,"[43.6668454, -79.3641548]"
1 Yonge Street Toronto,"[43.654027, -79.3802003]"
30 Yonge Street  Toronto,"[43.647158, -79.3778245]"
48 Yonge Street Toronto,"[43.647947, -79.377527]"
550 Bayview Avenue Toronto,"[43.6842334, -79.3636009]"
958 Broadview Avenue Toronto,"[43.681763, -79.3577282]"
995 Broadview Avenue Toronto,"[43.68415025, -79.3565862743947]"
951 Carlaw Avenue Toronto,"[43.6844098, -79.3493622]"
120 Danforth Avenue Toronto,"[43.6764962829787, -79.3580084148936]"
154 Danforth Avenue Toronto,"[43.6766429170213, -79.3572523851064]"
310 Danforth Avenue Toronto,"[43.6773935, -79.3534754]"
320 Danforth Avenue Toronto,"[43.6774596, -79.3531237]"
402 Danforth Avenue Toronto,"[43.6777693, -79.3515375666667]"
406 Danforth Avenue Toronto,"[43.6777878, -79.3514410888889]"
798 Danforth Avenue Toronto,"[43.6797189, -79.3416342]"
950 Danforth Avenue Toronto,"[43.6804113, -79.3381208]"
966 Danforth Avenue Toronto,"[43.6804749, -79.3379139]"
972 Danforth Avenue Toronto,"[43.6804838, -79.3378399]"
1324 Danforth Avenue Toronto,"[43.6822795, -79.3293108]"
71 Gough Avenue Toronto,"[43.6792891, -79.3462001]"
663 Greenwood Avenue Toronto,"[43.6817618, -79.3323018]"
170 Memorial Park Avenue Toronto,"[43.692135, -79.3296964642857]"
746 Pape Avenue Toronto,"[43.68049925, -79.3458459551873]"
1041 Pape Avenue Toronto,"[43.6892684, -79.3484412]"
1081 Pape Avenue Toronto,"[43.6922368, -79.3496819]"
1081.5 Pape Avenue Toronto,"[43.6912646, -79.3493148]"
67 Pottery Road Toronto,"[43.6861518, -79.3602541]"
705 Pape Avenue Toronto,"[43.6785786, -79.3445759]"
30 Booth Avenue Toronto,"[43.6553961, -79.3416829]"
60 Bowden Street Toronto,"[43.676951, -79.3540922]"
370 Broadview Avenue Toronto,"[43.6657919, -79.353154830105]"
415 Broadview Avenue Toronto,"[43.6663211, -79.3527778]"
302 Carlaw Avenue Toronto,"[43.66385705, -79.3414026956522]"
690 Carlaw Avenue Toronto,"[43.6768282, -79.3467935]"
225 Commissioners Street Toronto,"[43.6496263, -79.3421373]"
65 Curzon Street Toronto,"[43.6648437941176, -79.3320654862745]"
95 Danforth Avenue Toronto,"[43.6866624, -79.3086312]"
115 Danforth Avenue Toronto,"[43.6866624, -79.3086312]"
131 Danforth Avenue Toronto,"[43.6866624, -79.3086312]"
141 Danforth Avenue Toronto,"[43.6866624, -79.3086312]"
147 Danforth Avenue Toronto,"[43.6866624, -79.3086312]"
211 Danforth Avenue Toronto,"[43.6766647692308, -79.3557458538462]"
361 Danforth Avenue Toronto,"[43.6773103833333, -79.3524714166667]"
11 Davies Avenue Toronto,"[43.6589377, -79.353576]"
1112 Dundas Street East Toronto,"[43.6641155720113, -79.3435913192055]"
400 Eastern Avenue Toronto,"[43.657305, -79.3445516]"
793 Gerrard Street East Toronto,"[43.666843248, -79.345660104]"
953 Gerrard Street East Toronto,"[43.6680785, -79.3401625]"
1094 Gerrard Street East Toronto,"[43.66996435, -79.33453045]"
1300 Gerrard Street East Toronto,"[43.6712897, -79.3272098]"
1326 Gerrard Street East Toronto,"[43.67162045, -79.32548925]"
1432 Gerrard Street East Toronto,"[43.6724724, -79.3220909]"
118 Jones Avenue Toronto,"[43.6659797, -79.3345377440332]"
725 Logan Avenue Toronto,"[43.6748868, -79.3482255]"
816 Logan Avenue Toronto,"[43.67690795, -79.3508272960039]"
2 Matilda Street Toronto,"[43.6600715, -79.3541362]"
701 Pape Avenue Toronto,"[43.6784828, -79.3445463]"
11 Polson Street Toronto,"[43.6414423354839, -79.3541722322581]"
25 Polson Street Toronto,"[43.6418398451613, -79.3532510774194]"
735 Queen Street East Toronto,"[43.6589681928571, -79.3488148785714]"
756 Queen Street East Toronto,"[43.6594350744418, -79.3479899148457]"
765 Queen Street East Toronto,"[43.65922972, -79.3476687466667]"
870 Queen Street East Toronto,"[43.6599956, -79.3454493]"
875 Queen Street East Toronto,"[43.660193, -79.3433566]"
922 Queen Street East Toronto,"[43.6607883, -79.3418962]"
970 Queen Street East Toronto,"[43.6611728, -79.3403801]"
978 Queen Street East Toronto,"[43.6612653428571, -79.3397756]"
1114 Queen Street East Toronto,"[43.6622284, -79.3354342]"
1150 Queen Street East Toronto,"[43.662600675, -79.333804275]"
1156 Queen Street East Toronto,"[43.66266575, -79.3336695083292]"
1164 Queen Street East Toronto,"[43.6628703, -79.33252404]"
1318 Queen Street East Toronto,"[43.6640098833333, -79.3274963666667]"
115 Simpson Avenue Toronto,"[43.6670441, -79.347754229041]"
682 Queen Street East Toronto,"[43.6587954, -79.3508011]"
732 Queen Street East Toronto,"[43.6591948076923, -79.3490340538462]"
296 Broadview Avenue Toronto,"[43.6639169, -79.3521442]"
450 Broadview Avenue Toronto,"[43.670179, -79.3536652]"
86 Blake Street Toronto,"[43.67508675, -79.3399456844619]"
1390 Gerrard Street East Toronto,"[43.6719989, -79.3238536]"
87 Ravina Crescent Toronto,"[43.6789654, -79.3389632]"
550 Broadview Avenue Toronto,"[43.670179, -79.3536652]"
1158 Queen Street East Toronto,"[43.66284925, -79.3336570007372]"
1 Hanson Street Toronto,"[43.6787917, -79.3231398782313]"
573 Gerrard Street East Toronto,"[43.6653241, -79.352796]"
138 Hamilton Street Toronto,"[43.6623908, -79.3524262]"
120 First Avenue Toronto,"[43.6656363, -79.3480393]"
1035 Gerrard Street East Toronto,"[43.66880343, -79.33688718]"
373 Cedarvale Avenue Toronto,"[43.6981885, -79.3151349598259]"
15 Chisholm Avenue Toronto,"[43.6886302, -79.3031623]"
650 Cosburn Avenue Toronto,"[43.6954273, -79.3265838632664]"
51 Cranfield Road Toronto,"[43.7158118, -79.3089037]"
2550 Danforth Avenue Toronto,"[43.688216, -79.3021142]"
305 Dawes Road Toronto,"[43.6982847, -79.2968753]"
416 Dawes Road Toronto,"[43.7012177, -79.2972467]"
200 Wolverleigh Boulevard Toronto,"[43.68569015, -79.3225043623015]"
455 Glebeholme Boulevard Toronto,"[43.6863935, -79.3211869]"
2 Gledhill Avenue Toronto,"[43.687604, -79.3093025780781]"
850 O'Connor Drive Toronto,"[43.7078471, -79.3112423]"
2723 St. Clair Avenue East Toronto,"[43.7058845, -79.3100039]"
2 Bellefair Avenue Toronto,"[43.670206, -79.3000005]"
1675 Danforth Avenue Toronto,"[43.6836229, -79.321391590023]"
920 Eastern Avenue Toronto,"[43.66286765, -79.3243275227273]"
1757 Gerrard Street East Toronto,"[43.6769304154813, -79.3157704664054]"
1910 Gerrard Street East Toronto,"[43.6804029, -79.31202]"
65 Glen Manor Drive Toronto,"[43.6710465, -79.2921985]"
109 Kenilworth Avenue Toronto,"[43.6693357, -79.301478]"
870 Kingston Road Toronto,"[43.6803703, -79.2907648]"
910 Kingston Road Toronto,"[43.680475325, -79.2893409]"
975 Kingston Road Toronto,"[43.680326, -79.2866915863229]"
101 Kippendavie Avenue Toronto,"[43.6686054, -79.3028001302172]"
62 Laing Street Toronto,"[43.6632029, -79.3271724]"
1590 Lake Shore Boulevard East Toronto,"[43.6626234, -79.3134412]"
1681 Lake Shore Boulevard East Toronto,"[43.6635134, -79.3086077]"
79 Lawlor Avenue Toronto,"[43.6837503, -79.2896533]"
97 Main Street Toronto,"[43.6820979, -79.2992426]"
126 Main Street Toronto,"[43.6828854913043, -79.299946326087]"
137 Main Street Toronto,"[43.6834165, -79.2994443]"
245 Main Street Toronto,"[43.6872539, -79.301225]"
55 Malvern Avenue Toronto,"[43.6817224, -79.2931345]"
1851 Danforth Avenue Toronto,"[43.684478, -79.3176691]"
14 Pine Avenue Toronto,"[43.6763844, -79.2900781566379]"
1301 Queen Street East Toronto,"[43.6636086666667, -79.3281008666667]"
1651 Queen Street East Toronto,"[43.6664816, -79.3143888]"
2075 Queen Street East Toronto,"[43.6701268, -79.2988957]"
2116 Queen Street East Toronto,"[43.6712597, -79.2948569888889]"
2161 Queen Street East Toronto,"[43.6701522, -79.2987798]"
2215 Queen Street East Toronto,"[43.6707290666667, -79.296028775]"
2232 Queen Street East Toronto,"[43.6727404, -79.2878315]"
2242 Queen Street East Toronto,"[43.6728610636364, -79.2871016909091]"
2263 Queen Street East Toronto,"[43.6712142142857, -79.2937249142857]"
70 Silver Birch Avenue Toronto,"[43.67233442, -79.28501666]"
3 Wembley Drive Toronto,"[43.6761653488133, -79.317986091823]"
6 Williamson Road Toronto,"[43.674026, -79.298597375]"
18 Williamson Road Toronto,"[43.6741604, -79.2979246]"
140 Wineva Avenue Toronto,"[43.6710615, -79.295982]"
56 Woodfield Road Toronto,"[43.6656971, -79.3215766]"
25 Axsmith Crescent Toronto,"[43.7887974763199, -79.3524410458002]"
2975 Don Mills Road West Toronto,"[43.783906, -79.3526845]"
35 Fairview Mall Drive Toronto,"[43.779043, -79.3466963010753]"
1091 Finch Avenue East Toronto,"[43.7903635, -79.3633983012295]"
45 Hallcrown Place Toronto,"[43.769961, -79.3218467384615]"
50 Hallcrown Place Toronto,"[43.7703599, -79.3232424]"
21 Leith Hill Road Toronto,"[43.776165, -79.3503804807018]"
1800 Sheppard Avenue East Toronto,"[43.7777585, -79.3442937518032]"
545 Van Horne Avenue Toronto,"[43.786958, -79.3369757307692]"
575 Van Horne Avenue Toronto,"[43.7875395, -79.3354513773253]"
280 Yorkland Boulevard Toronto,"[43.7732560819543, -79.3341396761478]"
220 Bartley Drive Toronto,"[43.7196523, -79.314755]"
210 Brookbanks Drive Toronto,"[43.7595475, -79.3258885292668]"
4 Credit Union Drive Toronto,"[43.7254205, -79.3191455911765]"
185 Graydon Hall Drive Toronto,"[43.764075, -79.3425027916237]"
85 Moatfield Drive Toronto,"[43.760112, -79.3534957]"
85 Parkwoods Village Drive Toronto,"[43.7613765, -79.3235372927631]"
190 Railside Road Toronto,"[43.739613, -79.3248316]"
60 Rowena Drive Toronto,"[43.75027455, -79.3179011246488]"
184 Sloane Avenue Toronto,"[43.7360115, -79.3129094320116]"
235 The Donway East Toronto,"[43.74069, -79.3422704669118]"
40 Underhill Drive Toronto,"[43.7437792, -79.3262068]"
1684 Victoria Park Avenue Toronto,"[43.7327995, -79.3064285434783]"
900 York Mills Road Toronto,"[43.7553609, -79.3496892]"
50 Rowena Drive Toronto,"[43.7508882, -79.3157868]"
496 Birchmount Road Toronto,"[43.7080605, -79.2692990205088]"
3079 Danforth Avenue Toronto,"[43.6911765, -79.2872782006173]"
35 Danforth Road Toronto,"[43.6947306, -79.2762059]"
2467 Eglinton Avenue East Toronto,"[43.7326575, -79.2616970148414]"
1 Eglinton Square Toronto,"[43.723415, -79.298852]"
40 Fairfax Crescent Toronto,"[43.7170531, -79.2871805520169]"
74 Firvalley Court Toronto,"[43.7036651846154, -79.2778897]"
25 Mendelssohn Street Toronto,"[43.7146865, -79.2802878703618]"
63 Pharmacy Avenue Toronto,"[43.694986, -79.2835874548156]"
313 Pharmacy Avenue Toronto,"[43.701277, -79.2846987482023]"
793 Pharmacy Avenue Toronto,"[43.7206688, -79.2953111]"
79 Westbourne Avenue Toronto,"[43.7042838, -79.2905852]"
3170 St. Clair Avenue East Toronto,"[43.709564, -79.2943048119658]"
93 Birchmount Road Toronto,"[43.6956191, -79.2632036]"
7 Brimley Road South Toronto,"[43.7072376, -79.235244]"
1 Brimley Road South Toronto,"[43.7062464, -79.2349622]"
3663 Danforth Avenue Toronto,"[43.697718, -79.2597869376513]"
33 East Road Toronto,"[43.6882684, -79.2713776]"
1440 Kingston Road Toronto,"[43.6877648, -79.2711539]"
1512 Kingston Road Toronto,"[43.6891296, -79.2691197]"
1567 Kingston Road Toronto,"[43.68985716, -79.26737434]"
1859 Kingston Road Toronto,"[43.6956001, -79.259173]"
3017 Kingston Road Toronto,"[43.7257716642857, -79.2311780357143]"
3474 Kingston Road Toronto,"[43.7384413189722, -79.2178242184327]"
3555 Kingston Road Toronto,"[43.7387915, -79.216648]"
3600 Kingston Road Toronto,"[43.740158, -79.2167184690647]"
21 Markanna Drive Toronto,"[43.7402566, -79.2190141]"
1 McCowan Road Toronto,"[43.7806502, -79.2549524]"
3800 St. Clair Avenue East Toronto,"[43.72349815, -79.2374134008801]"
3701 Danforth Avenue Toronto,"[43.6989997, -79.2570572]"
1500 Birchmount Road Toronto,"[43.7578067, -79.2892126]"
20 Canadian Road Toronto,"[43.7603726, -79.2962761]"
1880 Eglinton Avenue East Toronto,"[43.7262665, -79.3000047]"
2380 Eglinton Avenue East Toronto,"[43.7322688, -79.2704268]"
85 Ellesmere Road Toronto,"[43.7570385, -79.3122635719098]"
1299 Ellesmere Road Toronto,"[43.7692038, -79.2642882]"
10 Howarth Avenue Toronto,"[43.7386917, -79.3059839996315]"
929 Kennedy Road Toronto,"[43.7434136, -79.2723629]"
22 Landseer Road Toronto,"[43.7350504, -79.2707584666667]"
2219 Lawrence Avenue East Toronto,"[43.7478607, -79.2810908]"
2231 Lawrence Avenue East Toronto,"[43.747601, -79.2800542794365]"
115 Ionview Road Toronto,"[43.7399869, -79.2745766]"
1176 Pharmacy Avenue Toronto,"[43.74579815, -79.3070974]"
777 Supertest Road Toronto,"[43.7756547495727, -79.4793631136752]"
150 Borough Drive Toronto,"[43.7729485, -79.2575865178571]"
1007 Brimley Road Toronto,"[43.758945, -79.2569421]"
1515 Danforth Road Toronto,"[43.751114, -79.2440290465116]"
91 Eastpark Boulevard Toronto,"[43.7556401, -79.2274466]"
2938 Eglinton Avenue East Toronto,"[43.73989035, -79.2359551260499]"
1967 Ellesmere Road Toronto,"[43.7755592, -79.2351695]"
2222 Ellesmere Road Toronto,"[43.7786755, -79.2285618991802]"
1250 Markham Road Toronto,"[43.779003, -79.2334959250394]"
940 Progress Avenue Toronto,"[43.7854685, -79.2324783]"
230 Town Centre Court Toronto,"[43.7746066, -79.2543745]"
3200 Pharmacy Avenue Toronto,"[43.800212, -79.3296739085552]"
390 Bamburgh Circle Toronto,"[43.816519, -79.3238261666667]"
375 Bamburgh Circle Toronto,"[43.8157711, -79.3222893]"
201 Chester Le Blvd. Toronto,"[43.79867695, -79.3306780268282]"
3840 Finch Avenue East Toronto,"[43.7991694, -79.305794]"
41 Glendinning Avenue Toronto,"[43.8121115, -79.331968]"
3300 Kennedy Road Toronto,"[43.8155699091354, -79.3036727387732]"
2000 McNicoll Avenue Toronto,"[43.8120209, -79.3049772]"
4077 Gordon Baker Rd. Toronto,"[43.7952578, -79.3417994]"
2900 Warden Avenue Toronto,"[43.7992424, -79.3192542]"
2450 Birchmount Road Toronto,"[43.7860463, -79.3018079]"
2520 Birchmount Road Toronto,"[43.7868718, -79.3024731]"
155 Bonis Avenue Toronto,"[43.785267, -79.2934477623907]"
1251 Bridletowne Circle Toronto,"[43.7924801, -79.3125471]"
2 Nobert Road Toronto,"[43.7717164, -79.3194017]"
2300 Pharmacy Avenue Toronto,"[43.7869676, -79.3233867047838]"
2333 Victoria Park Avenue Toronto,"[43.7647323, -79.3179805]"
4155 Sheppard Avenue East Toronto,"[43.7846775066161, -79.281021904426]"
31 Glen Watford Drive Toronto,"[43.7884885, -79.2760419835057]"
33 Heather Rd.  Toronto,"[43.78871275, -79.272912829489]"
1050 Huntingwood Drive Toronto,"[43.79735415, -79.2872129990897]"
4325 McCowan Road Toronto,"[43.8297703, -79.2741966]"
2155 McNicoll Avenue Toronto,"[43.813306, -79.295359863085]"
328 Passmore Avenue Toronto,"[43.8282058, -79.2619909]"
100 Salome Drive Toronto,"[43.7865879, -79.2704616]"
1550 Sandhurst Circle Toronto,"[43.8100007, -79.2733563977342]"
1571 Sandhurst Circle Toronto,"[43.8098755, -79.2687473]"
3838 Midland Avenue Toronto,"[43.8188221436654, -79.2943245812054]"
2621 Midland Avenue Toronto,"[43.789069, -79.2784702690608]"
4640 Finch Avenue East Toronto,"[43.806538, -79.2739509]"
5321 Finch Avenue East Toronto,"[43.8107612, -79.2526751]"
3880 Midland Avenue Toronto,"[43.820487, -79.2950364]"
4150 Finch Avenue East Toronto,"[43.8032308, -79.2890084]"
4125 Sheppard Avenue East Toronto,"[43.78429, -79.2824039251064]"
120 Berner Trail Toronto,"[43.8013204, -79.221783419588]"
361 Old Finch Avenue Toronto,"[43.8246576, -79.1902983]"
1081 Progress Avenue Toronto,"[43.794133, -79.2343514]"
30 Sewells Road Toronto,"[43.8080316, -79.2161024]"
40 Sewells Road Toronto,"[43.8083852, -79.2147807]"
5183 Sheppard Avenue East Toronto,"[43.7943847, -79.2339223]"
150 Tapscott Road Toronto,"[43.8032705, -79.2259248037975]"
225 Confederation Drive Toronto,"[43.7574315, -79.2070930393217]"
6 Fintona Avenue Toronto,"[43.7562032333333, -79.1794525333333]"
145 Guildwood Parkway Toronto,"[43.74662835, -79.1965451827893]"
201 Guildwood Parkway Toronto,"[43.7492903, -79.1904715]"
4040 Lawrence Avenue East Toronto,"[43.76590595, -79.19805135]"
545 Markham Road Toronto,"[43.75752925, -79.2239448960382]"
730 Military Trail Toronto,"[43.7911685, -79.1991761848791]"
350 Morningside Avenue Toronto,"[43.7756229, -79.1908943042478]"
277 Orton Park Road Toronto,"[43.7774536, -79.2108076498801]"
450 Scarborough Golf Club Road Toronto,"[43.7543963, -79.2133586]"
3550 Ellesmere Road Toronto,"[43.7900073, -79.1752696153846]"
6282 Kingston Road Toronto,"[43.7887935, -79.162396]"
4279 Lawrence Avenue East Toronto,"[43.77008408, -79.17817267]"
5400 Lawrence Avenue East Toronto,"[43.77905705, -79.143253546278]"
5450 Lawrence Avenue East Toronto,"[43.7788168, -79.1406312]"
56 Lawson Road Toronto,"[43.7838584, -79.1647507]"
292 Manse Road Toronto,"[43.7687341, -79.1772779253322]"
1265 Military Trail Toronto,"[43.7843695, -79.1870752065187]"
755 Morningside Avenue Toronto,"[43.7862405, -79.1930308579256]"
200 Morrish Road Toronto,"[43.783339, -79.1708365]"
362 Old Kingston Road Toronto,"[43.7835772909091, -79.1703828181818]"
62 Orchard Park Drive Toronto,"[43.774175, -79.1795818783288]"
447 Port Union Road Toronto,"[43.7950175, -79.1410732821694]"
270 Rouge Hills Drive Toronto,"[43.7921203, -79.1257451]"
64 Rylander Boulevard Toronto,"[43.7981507, -79.1504049]"
